2019,2018,2017,2016,2015,2014,2013,2012,2011,2010,2009,2008,2007,2006,2005,2004,2003,2002,2001,2000,1999,1998,1997,1996,1995,1994,1993,1992,1991,1990,1989,1988,1987,1986,1985
1,1,1,1,1,1,1,1,1,1,1,1,1,1,1,1,1,1,1,1,1,1,1,1,1,1,1,1,1,1,1,1,1,1,1
Duke,Villanova,Villanova,UNC,Villanova,Wichita State,Indiana,UNC,Ohio State,Duke,Syracuse,UNC,Kansas,Villanova,UNC,Kentucky,Texas,Maryland,Illinois,Duke,Duke,UNC,UNC,UMass,Wake Forest,UNC,UNC,Duke,UNC,UConn,Georgetown,Temple,UNC,Duke,Georgetown
85,87,76,83,93,64,83,77,75,73,79,113,107,58,96,96,82,85,96,82,99,88,82,92,79,71,85,82,101,76,50,87,113,85,68
16,16,16,16,16,16,16,16,16,16,16,16,16,16,16,16,16,16,16,16,16,16,16,16,16,16,16,16,16,16,16,16,16,16,16
North Dakota State,Radford,Mount St. Mary's,Florida Gulf Coast,Lafayette,Cal Poly,James Madison,Vermont,UTSA,Arkansas-Pine Bluff,Vermont,Mount St. Mary's,Niagara,Monmouth,Oakland,Florida A&M,UNC Asheville,Siena,Northwestern State,Lamar,Florida A&M,Navy,Fairfield,UCF,North Carolina A&T,Liberty,East Carolina,Campbell,Northeastern,Boston University,Princeton,Lehigh,Penn,Mississippi Valley State,Lehigh
62,61,56,67,52,37,62,58,46,44,56,74,67,45,68,76,61,70,54,55,58,52,74,70,47,51,65,56,66,52,49,73,82,78,43
"at Columbia, SC","at Pittsburgh, PA","at Buffalo, NY","at Raleigh, NC","at Pittsburgh, PA","at St. Louis, MO","at Dayton, OH","at Greensboro, NC","at Cleveland, OH","at Jacksonville, FL","at Buffalo, NY","at Raleigh, NC","at Chicago, IL","at Philadelphia, PA","at Charlotte, NC","at Columbus, OH","at Birmingham, AL","at Washington, DC","at Dayton, OH","at Winston-Salem, NC","at Charlotte, NC","at Hartford, CT","at Winston-Salem, NC","at Providence, RI","at Baltimore, MD","at Landover, MD","at Winston-Salem, NC","at Greensboro, NC","at Syracuse, NY","at Hartford, CT","at Providence, RI","at Hartford, CT","at Charlotte, NC","at Greensboro, NC","at Hartford, CT"
8,8,8,8,8,8,8,8,8,8,8,8,8,8,8,8,8,8,8,8,8,8,8,8,8,8,8,8,8,8,8,8,8,8,8
VCU,Virginia Tech,Wisconsin,USC,NC State,Kentucky,NC State,Creighton,George Mason,California,Gonzaga,Indiana,Kentucky,Arizona,Minnesota,Washington,LSU,Wisconsin,Tennessee,Kansas,College of Charleston,Charlotte,Indiana,Bradley,Minnesota,Washington State,Rhode Island,Texas,Princeton,Indiana,Vanderbilt,Georgetown,Navy,Old Dominion,Temple
58,83,84,69,66,56,72,58,61,77,67,72,67,94,53,100,56,80,63,81,53,77,62,58,61,64,74,92,48,63,65,66,82,72,60
9,9,9,9,9,9,9,9,9,9,9,9,9,9,9,9,9,9,9,9,9,9,9,9,9,9,9,9,9,9,9,9,9,9,9
UCF,Alabama,Virginia Tech,Providence,LSU,Kansas State,Temple,Alabama,Villanova,Louisville,Florida State,Arkansas,Villanova,Wisconsin,Iowa State,Alabama-Birmingham,Purdue,St. John's (NY),Charlotte,DePaul,Tulsa,UIC,Colorado,Stanford,Saint Louis,Boston College,Purdue,Iowa,Villanova,California,Notre Dame,LSU,Michigan,West Virginia,Virginia Tech
73,86,74,70,65,49,76,57,57,62,60,86,58,75,64,102,80,70,70,77,62,62,80,66,64,67,68,98,50,65,81,63,97,64,57
"at Columbia, SC","at Pittsburgh, PA","at Buffalo, NY","at Raleigh, NC","at Pittsburgh, PA","at St. Louis, MO","at Dayton, OH","at Greensboro, NC","at Cleveland, OH","at Jacksonville, FL","at Buffalo, NY","at Raleigh, NC","at Chicago, IL","at Philadelphia, PA","at Charlotte, NC","at Columbus, OH","at Birmingham, AL","at Washington, DC","at Dayton, OH","at Winston-Salem, NC","at Charlotte, NC","at Hartford, CT","at Winston-Salem, NC","at Providence, RI","at Baltimore, MD","at Landover, MD","at Winston-Salem, NC","at Greensboro, NC","at Syracuse, NY","at Hartford, CT","at Providence, RI","at Hartford, CT","at Charlotte, NC","at Greensboro, NC","at Hartford, CT"
5,5,5,5,5,5,5,5,5,5,5,5,5,5,5,5,5,5,5,5,5,5,5,5,5,5,5,5,5,5,5,5,5,5,5
Mississippi State,West Virginia,Virginia,Indiana,Northern Iowa,Saint Louis,UNLV,Temple,West Virginia,Texas A&M,Butler,Notre Dame,Virginia Tech,Nevada,Villanova,Providence,UConn,Marquette,Syracuse,Florida,Wisconsin,Princeton,California,Penn State,Alabama,Indiana,St. John's (NY),Missouri,Mississippi State,Clemson,NC State,Georgia Tech,Notre Dame,Virginia,SMU
76,85,76,99,71,83,61,44,84,69,77,68,54,79,55,58,58,69,79,69,32,69,55,80,91,84,85,89,56,49,81,90,84,68,85
12,12,12,12,12,12,12,12,12,12,12,12,12,12,12,12,12,12,12,12,12,12,12,12,12,12,12,12,12,12,12,12,12,12,12
Liberty,Murray State,UNC Wilmington,Chattanooga,Wyoming,NC State,California,South Florida,Clemson,Utah State,UTEP,George Mason,Illinois,Montana,New Mexico,Pacific,BYU,Tulsa,Hawaii,Butler,Missouri State,UNLV,Princeton,Arkansas,Penn,Ohio,Texas Tech,West Virginia,Eastern Michigan,BYU,South Carolina,Iowa State,Middle Tennessee,DePaul,Old Dominion
80,68,71,74,54,80,64,58,76,53,59,50,52,87,47,66,53,71,69,68,43,57,52,86,85,72,67,78,76,47,66,78,71,72,68
"at San Jose, CA","at San Diego, CA","at Orlando, FL","at Des Moines, IA","at Seattle, WA","at Orlando, FL","at San Jose, CA","at Nashville, TN","at Tampa, FL","at Spokane, WA","at San Jose, CA","at Denver, CO","at Columbus, OH","at Salt Lake City, UT","at Nashville, TN","at Kansas City, MO","at Spokane, WA","at St. Louis, MO","at Dayton, OH","at Winston-Salem, NC","at Charlotte, NC","at Hartford, CT","at Winston-Salem, NC","at Providence, RI","at Baltimore, MD","at Landover, MD","at Winston-Salem, NC","at Greensboro, NC","at Syracuse, NY","at Hartford, CT","at Providence, RI","at Hartford, CT","at Charlotte, NC","at Greensboro, NC","at Hartford, CT"
4,4,4,4,4,4,4,4,4,4,4,4,4,4,4,4,4,4,4,4,4,4,4,4,4,4,4,4,4,4,4,4,4,4,4
Virginia Tech,Wichita State,Florida,Kentucky,Louisville,Louisville,Syracuse,Michigan,Kentucky,Purdue,Vanderbilt,Washington State,Southern Illinois,Boston College,Florida,Kansas,Stanford,Kentucky,Kansas,Illinois,Tennessee,Michigan State,Villanova,Marquette,Oklahoma State,Temple,Arkansas,Seton Hall,UCLA,La Salle,Iowa,Indiana,TCU,Oklahoma,Loyola (IL)
66,75,80,85,57,71,81,60,59,72,65,71,61,88,67,78,77,83,99,68,62,83,101,68,73,61,94,78,69,79,87,69,76,80,59
13,13,13,13,13,13,13,13,13,13,13,13,13,13,13,13,13,13,13,13,13,13,13,13,13,13,13,13,13,13,13,13,13,13,13
Saint Louis,Marshall,ETSU,Stony Brook,UC-Irvine,Manhattan,Montana,Ohio,Princeton,Siena,Murray State,Winthrop,Holy Cross,Pacific,Ohio,UIC,San Diego,Valparaiso,Cal State Northridge,Penn,Delaware,Eastern Michigan,LIU,Monmouth,Drexel,Drexel,Holy Cross,La Salle,Penn State,Southern Miss,Rutgers,Richmond,Marshall,Northeastern,Iona
52,81,65,57,55,64,34,65,57,64,66,40,51,76,62,53,69,68,75,58,52,71,91,44,49,39,64,76,74,63,73,72,60,74,58
"at San Jose, CA","at San Diego, CA","at Orlando, FL","at Des Moines, IA","at Seattle, WA","at Orlando, FL","at San Jose, CA","at Nashville, TN","at Tampa, FL","at Spokane, WA","at San Jose, CA","at Denver, CO","at Columbus, OH","at Salt Lake City, UT","at Nashville, TN","at Kansas City, MO","at Spokane, WA","at St. Louis, MO","at Dayton, OH","at Winston-Salem, NC","at Charlotte, NC","at Hartford, CT","at Winston-Salem, NC","at Providence, RI","at Baltimore, MD","at Landover, MD","at Winston-Salem, NC","at Greensboro, NC","at Syracuse, NY","at Hartford, CT","at Providence, RI","at Hartford, CT","at Charlotte, NC","at Greensboro, NC","at Hartford, CT"
6,6,6,6,6,6,6,6,6,6,6,6,6,6,6,6,6,6,6,6,6,6,6,6,6,6,6,6,6,6,6,6,6,6,6
Maryland,Florida,SMU,Notre Dame,Providence,UMass,Butler,San Diego State,Xavier,Notre Dame,Xavier,Oklahoma,Duke,Oklahoma,Wisconsin,Boston College,Maryland,Texas Tech,Notre Dame,Indiana,Temple,Xavier,Louisville,UNC,Tulsa,Nebraska,Virginia,Syracuse,NC State,St. John's (NY),Kansas State,Missouri,Florida,St. Joseph's,Georgia
79,77,65,70,53,67,68,65,55,50,65,72,77,74,57,58,75,68,83,57,61,68,65,83,68,80,78,51,114,81,75,80,82,60,67
11,11,11,11,11,11,11,11,11,11,11,11,11,11,11,11,11,11,11,11,11,11,11,11,11,11,11,11,11,11,11,11,11,11,11
Belmont,St. Bonaventure,USC,Michigan,Dayton,Tennessee,Bucknell,NC State,Marquette,Old Dominion,Minnesota,St. Joseph's,VCU,Milwaukee,Northern Iowa,Utah,UNC Wilmington,Southern Illinois,Xavier,Pepperdine,Kent State,Washington,UMass,New Orleans,Illinois,Penn,Manhattan,Princeton,Southern Miss,Temple,Minnesota,Rhode Island,NC State,Richmond,Wichita State
77,62,66,63,66,86,56,79,66,51,54,64,79,82,52,51,73,76,71,77,54,69,57,62,62,90,66,43,85,65,86,87,70,59,59
"at Jacksonville, FL","at Dallas, TX","at Tulsa, OK","at Brooklyn, NY","at Columbus, OH","at Raleigh, NC","at Lexington, KY","at Columbus, OH","at Cleveland, OH","at New Orleans, LA","at Milwaukee, WI","at Birmingham, AL","at Buffalo, NY","at Jacksonville, FL","at Oklahoma City, OK","at Milwaukee, WI","at Nashville, TN","at Chicago, IL","at Kansas City, MO","at Buffalo, NY","at Boston, MA","at Washington, DC","at Pittsburgh, PA","at Richmond, VA","at Albany, NY","at Uniondale, NY","at Syracuse, NY","at Worcester, MA","at College Park, MD","at Atlanta, GA","at Greensboro, NC","at Chapel Hill, NC","at Syracuse, NY","at Syracuse, NY","at Atlanta, GA"
3,3,3,3,3,3,3,3,3,3,3,3,3,3,3,3,3,3,3,3,3,3,3,3,3,3,3,3,3,3,3,3,3,3,3
LSU,Texas Tech,Baylor,West Virginia,Oklahoma,Duke,Marquette,Georgetown,Syracuse,Baylor,Pitt,Louisville,Pitt,Florida,Kansas,Georgia Tech,Xavier,Georgia,Ole Miss,Oklahoma State,Cincinnati,South Carolina,New Mexico,Texas Tech,Villanova,Florida,UMass,UMass,Oklahoma State,Duke,Stanford,Syracuse,Purdue,Indiana,Illinois
79,70,91,56,69,71,59,74,77,68,89,79,79,76,63,65,71,85,72,86,72,61,59,74,81,64,54,85,67,81,78,69,104,79,76
14,14,14,14,14,14,14,14,14,14,14,14,14,14,14,14,14,14,14,14,14,14,14,14,14,14,14,14,14,14,14,14,14,14,14
Yale,Stephen F. Austin,New Mexico State,Stephen F. Austin,Albany (NY),Mercer,Davidson,Belmont,Indiana State,Sam Houston State,Oakland,Boise State,Wright State,South Alabama,Bucknell,Northern Iowa,Troy,Murray State,Iona,Hofstra,George Mason,Richmond,Old Dominion,Northern Illinois,Old Dominion,James Madison,Penn,Fordham,New Mexico,Richmond,Siena,North Carolina A&T,Northeastern,Cleveland State,Northeastern
74,60,73,70,60,78,58,59,60,59,66,61,58,50,64,60,59,68,70,66,48,62,55,73,89,62,50,58,54,46,80,55,95,83,57
"at Jacksonville, FL","at Dallas, TX","at Tulsa, OK","at Brooklyn, NY","at Columbus, OH","at Raleigh, NC","at Lexington, KY","at Columbus, OH","at Cleveland, OH","at New Orleans, LA","at Milwaukee, WI","at Birmingham, AL","at Buffalo, NY","at Jacksonville, FL","at Oklahoma City, OK","at Milwaukee, WI","at Nashville, TN","at Chicago, IL","at Kansas City, MO","at Buffalo, NY","at Boston, MA","at Washington, DC","at Pittsburgh, PA","at Richmond, VA","at Albany, NY","at Uniondale, NY","at Syracuse, NY","at Worcester, MA","at College Park, MD","at Atlanta, GA","at Greensboro, NC","at Chapel Hill, NC","at Syracuse, NY","at Syracuse, NY","at Atlanta, GA"
7,7,7,7,7,7,7,7,7,7,7,7,7,7,7,7,7,7,7,7,7,7,7,7,7,7,7,7,7,7,7,7,7,7,7
Louisville,Arkansas,South Carolina,Wisconsin,Michigan State,Texas,Illinois,Saint Mary's,Washington,Richmond,BYU,Butler,Indiana,Georgetown,Charlotte,Michigan State,Michigan State,NC State,Wake Forest,Oregon,Texas,Indiana,Wisconsin,New Mexico,Charlotte,Alabama-Birmingham,New Mexico State,Charlotte,Purdue,UCLA,West Virginia,SMU,West Virginia,Navy,Syracuse
76,62,93,47,70,87,57,69,68,71,99,81,70,54,63,66,79,69,63,71,54,94,58,69,68,46,93,74,63,68,84,83,62,87,70
10,10,10,10,10,10,10,10,10,10,10,10,10,10,10,10,10,10,10,10,10,10,10,10,10,10,10,10,10,10,10,10,10,10,10
Minnesota,Butler,Marquette,Pitt,Georgia,Arizona State,Colorado,Purdue,Georgia,Saint Mary's,Florida,South Alabama,Gonzaga,Northern Iowa,NC State,Nevada,Colorado,Michigan State,Butler,Seton Hall,Purdue,Oklahoma,Texas,Kansas State,Stanford,George Washington,Nebraska,Iowa State,Temple,Alabama-Birmingham,Tennessee,Notre Dame,Western Kentucky,Tulsa,DePaul
86,79,73,43,63,85,49,72,65,80,92,61,57,49,75,72,64,58,79,72,58,87,71,48,70,51,79,76,80,56,68,75,64,68,65
"at Des Moines, IA","at Detroit, MI","at Greenville, SC","at St. Louis, MO","at Charlotte, NC","at Milwaukee, WI","at Austin, TX","at Omaha, NE","at Charlotte, NC","at Providence, RI","at Oklahoma City, OK","at Birmingham, AL","at Sacramento, CA","at Dayton, OH","at Worcester, MA","at Seattle, WA","at Tampa, FL","at Washington, DC","at Kansas City, MO","at Buffalo, NY","at Boston, MA","at Washington, DC","at Pittsburgh, PA","at Richmond, VA","at Albany, NY","at Uniondale, NY","at Syracuse, NY","at Worcester, MA","at College Park, MD","at Atlanta, GA","at Greensboro, NC","at Chapel Hill, NC","at Syracuse, NY","at Syracuse, NY","at Atlanta, GA"
2,2,2,2,2,2,2,2,2,2,2,2,2,2,2,2,2,2,2,2,2,2,2,2,2,2,2,2,2,2,2,2,2,2,2
Michigan State,Purdue,Duke,Xavier,Virginia,Michigan,Miami (FL),Kansas,UNC,Villanova,Kansas State,Tennessee,UCLA,Ohio State,UConn,Gonzaga,Florida,UConn,Arizona,Temple,Miami (FL),UConn,South Carolina,Georgetown,UMass,UConn,Cincinnati,Kentucky,Syracuse,Kansas,Duke,Duke,Syracuse,Syracuse,Georgia Tech
76,74,87,71,79,57,78,65,102,73,82,72,70,70,77,76,85,78,101,73,75,93,65,93,68,64,93,88,69,79,90,85,79,101,65
15,15,15,15,15,15,15,15,15,15,15,15,15,15,15,15,15,15,15,15,15,15,15,15,15,15,15,15,15,15,15,15,15,15,15
Bradley,Cal State Fullerton,Troy,Weber State,Belmont,Wofford,Pacific,Detroit,LIU,Robert Morris,North Texas,American,Weber State,Davidson,UCF,Valparaiso,Sam Houston State,Hampton,Eastern Illinois,Lafayette,Lafayette,Fairleigh Dickinson,Coppin State,Mississippi Valley State,St. Peter's,Rider,Coppin State,Old Dominion,Richmond,Robert Morris,South Carolina State,Boston University,Georgia Southern,Brown,Mercer
65,48,65,53,67,40,49,50,87,70,62,57,42,62,71,49,55,67,76,47,54,85,78,56,51,46,66,69,73,71,69,69,73,52,58
1,1,1,1,1,1,1,1,1,1,1,1,1,1,1,1,1,1,1,1,1,1,1,1,1,1,1,1,1,1,1,1,1,1,1
Gonzaga,Kansas,Kansas,Kansas,Kentucky,Florida,Louisville,Kentucky,Pitt,Kentucky,Pitt,Kansas,UNC,Duke,Washington,Duke,Oklahoma,Kansas,Duke,Michigan State,Michigan State,Kansas,Minnesota,Kentucky,Kansas,Arkansas,Indiana,Kansas,Ohio State,Oklahoma,Illinois,Purdue,Indiana,Kansas,Oklahoma
87,76,100,105,79,67,79,81,74,100,72,85,86,70,88,96,71,70,95,65,76,110,78,110,82,94,97,100,97,77,77,94,92,71,96
16,16,16,16,16,16,16,16,16,16,16,16,16,16,16,16,16,16,16,16,16,16,16,16,16,16,16,16,16,16,16,16,16,16,16
Fairleigh Dickinson,Penn,UC-Davis,Austin Peay,Hampton,Albany (NY),North Carolina A&T,Western Kentucky,UNC Asheville,ETSU,ETSU,Portland State,Eastern Kentucky,Southern,Montana,Alabama State,South Carolina State,Holy Cross,Monmouth,Valparaiso,Mount St. Mary's,Prairie View,Texas State,San Jose State,Colgate,North Carolina A&T,Wright State,Howard,Towson,Towson,McNeese State,Fairleigh Dickinson,Fairfield,North Carolina A&T,North Carolina A&T
49,60,62,79,56,55,48,66,51,71,62,61,65,54,77,61,54,59,52,38,53,52,46,72,68,79,54,67,86,68,71,79,58,46,83
"at Salt Lake City, UT","at Wichita, KS","at Tulsa, OK","at Des Moines, IA","at Louisville, KY","at Orlando, FL","at Lexington, KY","at Louisville, KY","at Washington, DC","at New Orleans, LA","at Dayton, OH","at Omaha, NE","at Winston-Salem, NC","at Greensboro, NC","at Boise, ID","at Raleigh, NC","at Oklahoma City, OK","at St. Louis, MO","at Greensboro, NC","at Cleveland, OH","at Milwaukee, WI","at Oklahoma City, OK","at Kansas City, MO","at Dallas, TX","at Dayton, OH","at Oklahoma City, OK","at Indianapolis, IN","at Dayton, OH","at Dayton, OH","at Austin, TX","at Indianapolis, IN","at South Bend, IN","at Indianapolis, IN","at Dayton, OH","at Tulsa, OK"
8,8,8,8,8,8,8,8,8,8,8,8,8,8,8,8,8,8,8,8,8,8,8,8,8,8,8,8,8,8,8,8,8,8,8
Syracuse,Seton Hall,Miami (FL),Colorado,Cincinnati,Colorado,Colorado State,Iowa State,Butler,Texas,Oklahoma State,UNLV,Marquette,George Washington,Pacific,Seton Hall,California,Stanford,Georgia,Utah,Villanova,Rhode Island,Ole Miss,Green Bay,Western Kentucky,Illinois,New Orleans,Evansville,Georgia Tech,UNC,Pitt,Baylor,Auburn,Jacksonville,USC
69,94,58,67,66,48,84,77,60,80,77,71,49,88,79,80,76,84,68,48,70,97,40,48,82,77,55,50,87,83,64,60,62,50,55
9,9,9,9,9,9,9,9,9,9,9,9,9,9,9,9,9,9,9,9,9,9,9,9,9,9,9,9,9,9,9,9,9,9,9
Baylor,NC State,Michigan State,UConn,Purdue,Pitt,Missouri,UConn,Old Dominion,Wake Forest,Tennessee,Kent State,Michigan State,UNC Wilmington,Pitt,Arizona,NC State,Western Kentucky,Missouri,Saint Louis,Ole Miss,Murray State,Temple,Virginia Tech,Michigan,Georgetown,Xavier,UTEP,DePaul,Missouri State,Ball State,Memphis,San Diego,Temple,Illinois State
78,83,78,74,65,77,72,64,58,81,75,58,61,85,71,76,74,68,70,45,72,74,62,61,76,84,73,55,70,70,68,75,61,61,58
"at Salt Lake City, UT","at Wichita, KS","at Tulsa, OK","at Des Moines, IA","at Louisville, KY","at Orlando, FL","at Lexington, KY","at Louisville, KY","at Washington, DC","at New Orleans, LA","at Dayton, OH","at Omaha, NE","at Winston-Salem, NC","at Greensboro, NC","at Boise, ID","at Raleigh, NC","at Oklahoma City, OK","at St. Louis, MO","at Greensboro, NC","at Cleveland, OH","at Milwaukee, WI","at Oklahoma City, OK","at Kansas City, MO","at Dallas, TX","at Dayton, OH","at Oklahoma City, OK","at Indianapolis, IN","at Dayton, OH","at Dayton, OH","at Austin, TX","at Indianapolis, IN","at South Bend, IN","at Indianapolis, IN","at Dayton, OH","at Tulsa, OK"
5,5,5,5,5,5,5,5,5,5,5,5,5,5,5,5,5,5,5,5,5,5,5,5,5,5,5,5,5,5,5,5,5,5,5
Marquette,Clemson,Iowa State,Maryland,West Virginia,VCU,Oklahoma State,Wichita State,Kansas State,Temple,Florida State,Clemson,USC,Syracuse,Georgia Tech,Illinois,Mississippi State,Florida,Ohio State,Kentucky,Charlotte,TCU,Tulsa,Iowa State,Arizona,UCLA,Oklahoma State,Michigan State,Texas,Illinois,Arkansas,DePaul,Duke,Michigan State,Louisiana Tech
64,79,84,79,68,75,55,59,73,65,59,69,77,58,80,72,46,82,68,85,81,87,81,74,62,102,74,61,73,86,120,83,58,72,78
12,12,12,12,12,12,12,12,12,12,12,12,12,12,12,12,12,12,12,12,12,12,12,12,12,12,12,12,12,12,12,12,12,12,12
Murray State,New Mexico State,Nevada,South Dakota State,Buffalo,Stephen F. Austin,Oregon,VCU,Utah State,Cornell,Wisconsin,Villanova,Arkansas,Texas A&M,George Washington,Murray State,Butler,Creighton,Utah State,St. Bonaventure,Rhode Island,Florida State,Boston University,California,Miami (OH),Tulsa,Marquette,Missouri State,St. Peter's,Dayton,Loyola Marymount,Wichita State,Texas A&M,Washington,Pitt
83,68,73,74,62,77,68,62,68,78,61,75,60,66,68,53,47,83,77,80,70,96,52,64,71,112,62,54,65,88,101,62,51,70,54
"at Hartford, CT","at San Diego, CA","at Milwaukee, WI","at Spokane, WA","at Columbus, OH","at San Diego, CA","at San Jose, CA","at Portland, OR","at Tucson, AZ","at Jacksonville, FL","at Boise, ID","at Tampa, FL","at Spokane, WA","at Jacksonville, FL","at Nashville, TN","at Columbus, OH","at Birmingham, AL","at Chicago, IL","at Greensboro, NC","at Cleveland, OH","at Milwaukee, WI","at Oklahoma City, OK","at Kansas City, MO","at Dallas, TX","at Dayton, OH","at Oklahoma City, OK","at Indianapolis, IN","at Dayton, OH","at Dayton, OH","at Austin, TX","at Indianapolis, IN","at South Bend, IN","at Indianapolis, IN","at Dayton, OH","at Tulsa, OK"
4,4,4,4,4,4,4,4,4,4,4,4,4,4,4,4,4,4,4,4,4,4,4,4,4,4,4,4,4,4,4,4,4,4,4
Florida State,Auburn,Purdue,California,Maryland,UCLA,Saint Louis,Indiana,Wisconsin,Wisconsin,Xavier,Vanderbilt,Texas,LSU,Louisville,Cincinnati,Louisville,Illinois,UCLA,Syracuse,Arizona,Ole Miss,Clemson,Utah,Virginia,Oklahoma State,Louisville,Cincinnati,St. John's (NY),Arkansas,Louisville,Kansas State,Missouri,Georgetown,Ohio State
76,62,80,66,65,76,64,79,72,53,77,62,79,80,68,80,86,93,61,79,60,69,68,72,96,65,76,85,75,68,76,66,69,70,75
13,13,13,13,13,13,13,13,13,13,13,13,13,13,13,13,13,13,13,13,13,13,13,13,13,13,13,13,13,13,13,13,13,13,13
Vermont,College of Charleston,Vermont,Hawaii,Valparaiso,Tulsa,New Mexico State,New Mexico State,Belmont,Wofford,Portland State,Siena,New Mexico State,Iona,Louisiana,ETSU,Austin Peay,San Diego State,Hofstra,Samford,Oklahoma,Valparaiso,Miami (OH),Canisius,Nicholls State,New Mexico State,Delaware,Delaware,Northern Illinois,Princeton,Little Rock,La Salle,Xavier,Texas Tech,Iowa State
69,58,70,77,62,59,44,66,58,49,59,83,67,64,62,77,64,64,48,65,61,70,56,43,72,55,70,47,68,64,71,53,70,64,64
"at Hartford, CT","at San Diego, CA","at Milwaukee, WI","at Spokane, WA","at Columbus, OH","at San Diego, CA","at San Jose, CA","at Portland, OR","at Tucson, AZ","at Jacksonville, FL","at Boise, ID","at Tampa, FL","at Spokane, WA","at Jacksonville, FL","at Nashville, TN","at Columbus, OH","at Birmingham, AL","at Chicago, IL","at Greensboro, NC","at Cleveland, OH","at Milwaukee, WI","at Oklahoma City, OK","at Kansas City, MO","at Dallas, TX","at Dayton, OH","at Oklahoma City, OK","at Indianapolis, IN","at Dayton, OH","at Dayton, OH","at Austin, TX","at Indianapolis, IN","at South Bend, IN","at Indianapolis, IN","at Dayton, OH","at Tulsa, OK"
6,6,6,6,6,6,6,6,6,6,6,6,6,6,6,6,6,6,6,6,6,6,6,6,6,6,6,6,6,6,6,6,6,6,6
Buffalo,TCU,Creighton,Arizona,Butler,Ohio State,Memphis,UNLV,St. John's (NY),Marquette,UCLA,USC,Vanderbilt,West Virginia,Texas Tech,UNC,Oklahoma State,Texas,USC,UCLA,Kansas,Clemson,Iowa State,Louisville,Memphis,Texas,California,Memphis,LSU,Xavier,Georgia Tech,Kansas,St. John's (NY),NC State,Texas Tech
91,52,72,55,56,59,54,64,71,78,65,67,77,64,78,63,77,70,69,65,95,72,69,82,77,91,66,80,62,87,70,85,57,66,53
11,11,11,11,11,11,11,11,11,11,11,11,11,11,11,11,11,11,11,11,11,11,11,11,11,11,11,11,11,11,11,11,11,11,11
Arizona State,Syracuse,Rhode Island,Wichita State,Texas,Dayton,Saint Mary's,Colorado,Gonzaga,Washington,VCU,Kansas State,George Washington,Southern Illinois,UCLA,Air Force,Penn,Boston College,Oklahoma State,Ball State,Evansville,Western Michigan,Illinois State,Tulsa,Louisville,Western Kentucky,LSU,Pepperdine,UConn,Kansas State,Texas,Xavier,Wichita State,Iowa,Boston College
74,57,84,65,48,60,52,68,86,80,64,80,44,46,66,52,63,57,54,57,74,75,57,80,56,77,64,70,79,79,76,72,55,64,55
"at Tulsa, OK","at Detroit, MI","at Sacramento, CA","at Providence, RI","at Pittsburgh, PA","at Buffalo, NY","at Auburn Hills, MI","at Albuquerque, NM","at Denver, CO","at San Jose, CA","at Philadelphia, PA","at Omaha, NE","at Sacramento, CA","at Auburn Hills, MI","at Tucson, AZ","at Denver, CO","at Boston, MA","at Dallas, TX","at Uniondale, NY","at Minneapolis, MN","at New Orleans, LA","at Chicago, IL","at Auburn Hills, MI","at Milwaukee, WI","at Austin, TX","at Park City, KS","at Rosemont, IL","at Milwaukee, WI","at Minneapolis, MN","at Indianapolis, IN","at Dallas, TX","at Lincoln, NE","at Rosemont, IL","at Minneapolis, MN","at Houston, TX"
3,3,3,3,3,3,3,3,3,3,3,3,3,3,3,3,3,3,3,3,3,3,3,3,3,3,3,3,3,3,3,3,3,3,3
Texas Tech,Michigan State,Oregon,Miami (FL),Notre Dame,Syracuse,Michigan State,Baylor,BYU,New Mexico,Villanova,Wisconsin,Washington State,Iowa,Gonzaga,Texas,Syracuse,Mississippi State,Boston College,Maryland,Kentucky,Stanford,Cincinnati,Villanova,Purdue,Michigan,Duke,Arkansas,Nebraska,Georgetown,Missouri,NC State,DePaul,Notre Dame,Duke
72,82,93,79,69,77,65,68,74,62,80,71,70,63,74,66,76,70,68,74,82,67,86,92,49,78,105,80,84,70,85,75,76,83,75
14,14,14,14,14,14,14,14,14,14,14,14,14,14,14,14,14,14,14,14,14,14,14,14,14,14,14,14,14,14,14,14,14,14,14
Northern Kentucky,Bucknell,Iona,Buffalo,Northeastern,Western Michigan,Valparaiso,South Dakota State,Wofford,Montana,American,Cal State Fullerton,Oral Roberts,Northwestern State,Winthrop,Princeton,Manhattan,McNeese State,Southern Utah,Iona,New Mexico State,College of Charleston,Butler,Portland,Green Bay,Pepperdine,Southern Illinois,Murray State,Xavier,Texas Southern,Creighton,Murray State,Louisiana Tech,Little Rock,Pepperdine
57,78,77,72,65,53,54,60,66,57,67,56,54,64,64,49,65,58,65,59,60,57,69,58,48,74,70,69,89,52,69,78,62,90,62
"at Tulsa, OK","at Detroit, MI","at Sacramento, CA","at Providence, RI","at Pittsburgh, PA","at Buffalo, NY","at Auburn Hills, MI","at Albuquerque, NM","at Denver, CO","at San Jose, CA","at Philadelphia, PA","at Omaha, NE","at Sacramento, CA","at Auburn Hills, MI","at Tucson, AZ","at Denver, CO","at Boston, MA","at Dallas, TX","at Uniondale, NY","at Minneapolis, MN","at New Orleans, LA","at Chicago, IL","at Auburn Hills, MI","at Milwaukee, WI","at Austin, TX","at Park City, KS","at Rosemont, IL","at Milwaukee, WI","at Minneapolis, MN","at Indianapolis, IN","at Dallas, TX","at Lincoln, NE","at Rosemont, IL","at Minneapolis, MN","at Houston, TX"
7,7,7,7,7,7,7,7,7,7,7,7,7,7,7,7,7,7,7,7,7,7,7,7,7,7,7,7,7,7,7,7,7,7,7
Nevada,Rhode Island,Michigan,Iowa,Wichita State,New Mexico,Creighton,Notre Dame,UCLA,Clemson,Texas,Gonzaga,Boston College,California,West Virginia,Xavier,St. Joseph's,Wake Forest,Iowa,Auburn,Washington,St. John's (NY),Xavier,Michigan,Syracuse,Saint Louis,BYU,Georgia Tech,Iowa,Georgia,Florida,Vanderbilt,Georgia Tech,Iowa State,Alabama-Birmingham
61,83,92,72,81,53,67,63,78,78,76,76,84,52,63,80,63,83,69,72,58,64,80,76,96,66,80,65,76,88,46,80,79,81,70
10,10,10,10,10,10,10,10,10,10,10,10,10,10,10,10,10,10,10,10,10,10,10,10,10,10,10,10,10,10,10,10,10,10,10
Florida,Oklahoma,Oklahoma State,Temple,Indiana,Stanford,Cincinnati,Xavier,Michigan State,Missouri,Minnesota,Davidson,Texas Tech,NC State,Creighton,Louisville,Auburn,Pepperdine,Creighton,Creighton,Miami (OH),Detroit,Vanderbilt,Texas,Southern Illinois,Maryland,SMU,Houston,ETSU,Texas,Colorado State,Utah State,LSU,Miami (OH),Michigan State
70,78,91,70,76,58,63,67,76,86,62,82,75,58,61,70,65,74,56,69,59,66,68,80,92,74,71,60,73,100,68,77,85,79,68
"at Des Moines, IA","at Pittsburgh, PA","at Indianapolis, IN","at Brooklyn, NY","at Omaha, NE","at St. Louis, MO","at Philadelphia, PA","at Greensboro, NC","at Tampa, FL","at Buffalo, NY","at Greensboro, NC","at Raleigh, NC","at Winston-Salem, NC","at Dallas, TX","at Cleveland, OH","at Orlando, FL","at Tampa, FL","at Sacramento, CA","at Uniondale, NY","at Minneapolis, MN","at New Orleans, LA","at Chicago, IL","at Auburn Hills, MI","at Milwaukee, WI","at Austin, TX","at Park City, KS","at Rosemont, IL","at Milwaukee, WI","at Minneapolis, MN","at Indianapolis, IN","at Dallas, TX","at Lincoln, NE","at Rosemont, IL","at Minneapolis, MN","at Houston, TX"
2,2,2,2,2,2,2,2,2,2,2,2,2,2,2,2,2,2,2,2,2,2,2,2,2,2,2,2,2,2,2,2,2,2,2
Michigan,Duke,Louisville,Villanova,Kansas,Kansas,Duke,Duke,Florida,West Virginia,Duke,Georgetown,Georgetown,Texas,Wake Forest,Mississippi State,Wake Forest,Oregon,Kentucky,Iowa State,Utah,Purdue,UCLA,Wake Forest,Arkansas,UMass,Kansas,USC,Duke,Purdue,Syracuse,Pitt,Temple,Michigan,Memphis
74,89,78,86,75,80,73,70,79,77,86,66,80,60,70,85,76,81,72,88,80,95,109,62,79,78,94,84,102,75,104,108,75,70,67
15,15,15,15,15,15,15,15,15,15,15,15,15,15,15,15,15,15,15,15,15,15,15,15,15,15,15,15,15,15,15,15,15,15,15
Montana,Iona,Jacksonville State,UNC Asheville,New Mexico State,Eastern Kentucky,Albany (NY),Lehigh,UCSB,Morgan State,Binghamton,UMBC,Belmont,Penn,Chattanooga,Monmouth,ETSU,Montana,Holy Cross,Central Connecticut,Arkansas State,Delaware,Charleston Southern,Louisiana-Monroe,Texas Southern,Texas State,Ball State,Louisiana-Monroe,Louisiana-Monroe,Louisiana-Monroe,Bucknell,Eastern Michigan,Southern,Akron,Penn
55,67,63,56,56,69,61,75,51,50,62,47,55,52,54,52,73,62,68,78,58,56,75,50,78,60,72,54,73,63,81,90,56,64,55
1,1,1,1,1,1,1,1,1,1,1,1,1,1,1,1,1,1,1,1,1,1,1,1,1,1,1,1,1,1,1,1,1,1,1
UNC,Xavier,UNC,Oregon,Duke,Virginia,Gonzaga,Michigan State,Kansas,Kansas,UNC,Memphis,Florida,Memphis,Duke,St. Joseph's,Kentucky,Duke,Michigan State,Stanford,Auburn,Duke,Kansas,UConn,Kentucky,Purdue,Kentucky,Ohio State,Arkansas,Michigan State,Oklahoma,Oklahoma,Georgetown,Kentucky,Michigan
88,102,103,91,85,70,64,89,72,90,101,87,112,94,57,82,95,84,69,84,80,99,78,68,113,98,96,83,117,75,72,94,75,75,59
16,16,16,16,16,16,16,16,16,16,16,16,16,16,16,16,16,16,16,16,16,16,16,16,16,16,16,16,16,16,16,16,16,16,16
Iona,Texas Southern,Texas Southern,Holy Cross,Robert Morris,Coastal Carolina,Southern,LIU,Boston University,Lehigh,Radford,Texas-Arlington,Jackson State,Oral Roberts,Delaware State,Liberty,IUPUI,Winthrop,Alabama State,South Carolina State,Winthrop,Radford,Jackson State,Colgate,Mount St. Mary's,UCF,Rider,Mississippi Valley State,Georgia State,Murray State,ETSU,Chattanooga,Bucknell,Davidson,Fairleigh Dickinson
73,83,64,52,56,59,58,67,53,74,58,63,69,78,46,63,64,37,35,65,41,63,64,59,67,67,52,56,76,71,71,66,53,55,55
"at Columbus, OH","at Nashville, TN","at Greenville, SC","at Spokane, WA","at Charlotte, NC","at Raleigh, NC","at Salt Lake City, UT","at Columbus, OH","at Tulsa, OK","at Oklahoma City, OK","at Greensboro, NC","at North Little Rock, AR","at New Orleans, LA","at Dallas, TX","at Charlotte, NC","at Buffalo, NY","at Nashville, TN","at Greenville, SC","at Memphis, TN","at Birmingham, AL","at Indianapolis, IN","at Lexington, KY","at Memphis, TN","at Indianapolis, IN","at Memphis, TN","at Lexington, KY","at Nashville, TN","at Cincinnati, OH","at Atlanta, GA","at Knoxville, TN","at Nashville, TN","at Atlanta, GA","at Atlanta, GA","at Charlotte, NC","at Dayton, OH"
8,8,8,8,8,8,8,8,8,8,8,8,8,8,8,8,8,8,8,8,8,8,8,8,8,8,8,8,8,8,8,8,8,8,8
Utah State,Missouri,Arkansas,St. Joseph's,San Diego State,Memphis,Pitt,Memphis,UNLV,UNLV,LSU,Mississippi State,Arizona,Arkansas,Stanford,Texas Tech,Oregon,Notre Dame,California,UNC,Syracuse,Oklahoma State,Purdue,Duke,BYU,Providence,Utah,Nebraska,Arizona State,Houston,La Salle,Auburn,Kentucky,Western Kentucky,Villanova
61,54,77,78,76,71,55,54,62,66,75,76,63,55,70,76,58,82,70,84,61,74,83,60,70,70,86,65,79,66,74,90,77,67,51
9,9,9,9,9,9,9,9,9,9,9,9,9,9,9,9,9,9,9,9,9,9,9,9,9,9,9,9,9,9,9,9,9,9,9
Washington,Florida State,Seton Hall,Cincinnati,St. John's (NY),George Washington,Wichita State,Saint Louis,Illinois,Northern Iowa,Butler,Oregon,Purdue,Bucknell,Mississippi State,Charlotte,Utah,Charlotte,Fresno State,Missouri,Oklahoma State,George Washington,Rhode Island,Eastern Michigan,Tulane,Alabama,Pitt,UConn,Rutgers,UCSB,Louisiana Tech,Bradley,Ohio State,Nebraska,Dayton
78,67,71,76,64,66,73,61,73,69,71,69,72,59,93,73,60,63,82,70,69,59,76,75,76,76,65,86,76,70,83,86,91,59,49
"at Columbus, OH","at Nashville, TN","at Greenville, SC","at Spokane, WA","at Charlotte, NC","at Raleigh, NC","at Salt Lake City, UT","at Columbus, OH","at Tulsa, OK","at Oklahoma City, OK","at Greensboro, NC","at North Little Rock, AR","at New Orleans, LA","at Dallas, TX","at Charlotte, NC","at Buffalo, NY","at Nashville, TN","at Greenville, SC","at Memphis, TN","at Birmingham, AL","at Indianapolis, IN","at Lexington, KY","at Memphis, TN","at Indianapolis, IN","at Memphis, TN","at Lexington, KY","at Nashville, TN","at Cincinnati, OH","at Atlanta, GA","at Knoxville, TN","at Nashville, TN","at Atlanta, GA","at Atlanta, GA","at Charlotte, NC","at Dayton, OH"
5,5,5,5,5,5,5,5,5,5,5,5,5,5,5,5,5,5,5,5,5,5,5,5,5,5,5,5,5,5,5,5,5,5,5
Auburn,Ohio State,Minnesota,Baylor,Utah,Cincinnati,Wisconsin,New Mexico,Vanderbilt,Michigan State,Illinois,Michigan State,Butler,Pitt,Michigan State,Florida,Wisconsin,Indiana,Virginia,UConn,UCLA,Syracuse,Maryland,Mississippi State,Arizona State,Wake Forest,Wake Forest,Alabama,Wake Forest,LSU,Virginia,Louisville,Kansas,Alabama,Maryland
78,81,72,75,57,57,46,75,66,70,72,72,57,79,89,60,81,75,85,75,53,63,66,58,81,68,81,80,71,70,100,70,66,97,69
12,12,12,12,12,12,12,12,12,12,12,12,12,12,12,12,12,12,12,12,12,12,12,12,12,12,12,12,12,12,12,12,12,12,12
New Mexico State,South Dakota State,Middle Tennessee,Yale,Stephen F. Austin,Harvard,Ole Miss,Long Beach State,Richmond,New Mexico State,Western Kentucky,Temple,Old Dominion,Kent State,Old Dominion,Manhattan,Weber State,Utah,Gonzaga,Utah State,Detroit,Iona,College of Charleston,VCU,Ball State,College of Charleston,Chattanooga,Stanford,Louisiana Tech,Villanova,Providence,Oregon State,Houston,Xavier,Miami (OH)
77,73,81,79,50,61,57,68,69,67,76,61,46,64,81,75,74,56,86,67,56,61,75,51,66,58,58,75,65,63,97,61,55,80,68
"at Salt Lake City, UT","at Boise, ID","at Milwaukee, WI","at Providence, RI","at Portland, OR","at Spokane, WA","at Kansas City, MO","at Portland, OR","at Denver, CO","at Spokane, WA","at Portland, OR","at Denver, CO","at Buffalo, NY","at Auburn Hills, MI","at Worcester, MA","at Raleigh, NC","at Spokane, WA","at Sacramento, CA","at Memphis, TN","at Birmingham, AL","at Indianapolis, IN","at Lexington, KY","at Memphis, TN","at Indianapolis, IN","at Memphis, TN","at Lexington, KY","at Nashville, TN","at Cincinnati, OH","at Atlanta, GA","at Knoxville, TN","at Nashville, TN","at Atlanta, GA","at Atlanta, GA","at Charlotte, NC","at Dayton, OH"
4,4,4,4,4,4,4,4,4,4,4,4,4,4,4,4,4,4,4,4,4,4,4,4,4,4,4,4,4,4,4,4,4,4,4
Kansas,Gonzaga,Butler,Duke,Georgetown,Michigan State,Kansas State,Louisville,Louisville,Maryland,Gonzaga,Pitt,Maryland,Kansas,Syracuse,Wake Forest,Dayton,USC,Oklahoma,Tennessee,Ohio State,New Mexico,Arizona,UCLA,Oklahoma,Kansas,Iowa,UNC,Alabama,Georgia Tech,Florida State,BYU,Clemson,Illinois,LSU
87,68,76,93,84,93,61,69,61,89,77,82,82,73,57,79,71,89,68,63,72,79,65,41,67,102,82,68,89,99,83,98,60,75,55
13,13,13,13,13,13,13,13,13,13,13,13,13,13,13,13,13,13,13,13,13,13,13,13,13,13,13,13,13,13,13,13,13,13,13
Northeastern,UNC Greensboro,Winthrop,UNC Wilmington,Eastern Washington,Delaware,La Salle,Davidson,Morehead State,Houston,Akron,Oral Roberts,Davidson,Bradley,Vermont,VCU,Tulsa,UNC Wilmington,Indiana State,Louisiana,Murray State,Butler,South Alabama,Princeton,Manhattan,Chattanooga,Louisiana-Monroe,Miami (OH),Murray State,ETSU,Middle Tennessee,Charlotte,Missouri State,Fairfield,Navy
53,64,64,85,74,78,63,62,62,77,64,63,70,77,60,78,84,93,70,58,58,62,57,43,77,73,69,63,79,83,97,92,65,51,78
"at Salt Lake City, UT","at Boise, ID","at Milwaukee, WI","at Providence, RI","at Portland, OR","at Spokane, WA","at Kansas City, MO","at Portland, OR","at Denver, CO","at Spokane, WA","at Portland, OR","at Denver, CO","at Buffalo, NY","at Auburn Hills, MI","at Worcester, MA","at Raleigh, NC","at Spokane, WA","at Sacramento, CA","at Memphis, TN","at Birmingham, AL","at Indianapolis, IN","at Lexington, KY","at Memphis, TN","at Indianapolis, IN","at Memphis, TN","at Lexington, KY","at Nashville, TN","at Cincinnati, OH","at Atlanta, GA","at Knoxville, TN","at Nashville, TN","at Atlanta, GA","at Atlanta, GA","at Charlotte, NC","at Dayton, OH"
6,6,6,6,6,6,6,6,6,6,6,6,6,6,6,6,6,6,6,6,6,6,6,6,6,6,6,6,6,6,6,6,6,6,6
Iowa State,Houston,Cincinnati,Texas,SMU,UNC,Arizona,Murray State,Georgetown,Tennessee,Arizona State,Marquette,Notre Dame,Indiana,Utah,Wisconsin,Missouri,California,Texas,Miami (FL),Indiana,UCLA,Illinois,Indiana,Georgetown,Marquette,Kansas State,Michigan,Pitt,Minnesota,Alabama,Villanova,Providence,Purdue,Purdue
59,67,75,72,59,79,81,58,56,62,66,74,64,87,60,76,72,82,65,75,108,65,90,51,68,81,53,73,76,64,84,82,90,87,58
11,11,11,11,11,11,11,11,11,11,11,11,11,11,11,11,11,11,11,11,11,11,11,11,11,11,11,11,11,11,11,11,11,11,11
Ohio State,San Diego State,Kansas State,Northern Iowa,UCLA,Providence,Belmont,Colorado State,VCU,San Diego State,Temple,Kentucky,Winthrop,San Diego State,UTEP,Richmond,Southern Illinois,Penn,Temple,Arkansas,George Washington,Miami (FL),USC,Boston College,Xavier,Louisiana,Tulane,Temple,Georgia,UTEP,South Alabama,Arkansas,Alabama-Birmingham,LSU,Auburn
62,65,61,75,60,77,64,41,74,59,57,66,74,83,54,64,71,75,79,71,88,62,77,64,63,59,55,66,68,61,86,74,68,94,59
"at Tulsa, OK","at Wichita, KS","at Sacramento, CA","at Oklahoma City, OK","at Louisville, KY","at San Antonio, TX","at Salt Lake City, UT","at Louisville, KY","at Chicago, IL","at Providence, RI","at Miami, FL","at Anaheim, CA","at Spokane, WA","at Salt Lake City, UT","at Tucson, AZ","at Milwaukee, WI","at Indianapolis, IN","at Pittsburgh, PA","at New Orleans, LA","at Nashville, TN","at Orlando, FL","at Atlanta, GA","at Charlotte, NC","at Orlando, FL","at Tallahassee, FL","at St. Petersburg, FL","at Orlando, FL","at Atlanta, GA","at Louisville, KY","at Richmond, VA","at Atlanta, GA","at Cincinnati, OH","at Birmingham, AL","at Baton Rouge, LA","at South Bend, IN"
3,3,3,3,3,3,3,3,3,3,3,3,3,3,3,3,3,3,3,3,3,3,3,3,3,3,3,3,3,3,3,3,3,3,3
Houston,Michigan,UCLA,Texas A&M,Iowa State,Iowa State,New Mexico,Marquette,Purdue,Georgetown,Syracuse,Stanford,Oregon,Gonzaga,Oklahoma,Pitt,Marquette,Pitt,Florida,Ohio State,St. John's (NY),Michigan,Georgia,Georgia Tech,Michigan State,Kentucky,Florida State,Arizona,Kansas,Missouri,Michigan,Illinois,Illinois,Memphis,Kansas
84,61,97,92,59,93,62,88,65,83,59,77,58,79,84,53,72,71,69,87,69,80,70,90,72,83,82,80,55,71,92,81,67,95,49
14,14,14,14,14,14,14,14,14,14,14,14,14,14,14,14,14,14,14,14,14,14,14,14,14,14,14,14,14,14,14,14,14,14,14
Georgia State,Montana,Kent State,Green Bay,Alabama-Birmingham,North Carolina Central,Harvard,BYU,St. Peter's,Ohio,Stephen F. Austin,Cornell,Miami (OH),Xavier,Niagara,UCF,Holy Cross,Central Connecticut,Western Kentucky,Appalachian State,Samford,Davidson,Chattanooga,Austin Peay,Weber State,Tennessee State,Evansville,ETSU,New Orleans,Northern Iowa,Xavier,UTSA,Austin Peay,Ball State,Ohio
55,47,80,65,60,75,68,68,43,97,44,53,56,75,67,44,68,54,56,61,43,61,73,79,79,70,70,87,49,74,87,72,68,63,38
"at Tulsa, OK","at Wichita, KS","at Sacramento, CA","at Oklahoma City, OK","at Louisville, KY","at San Antonio, TX","at Salt Lake City, UT","at Louisville, KY","at Chicago, IL","at Providence, RI","at Miami, FL","at Anaheim, CA","at Spokane, WA","at Salt Lake City, UT","at Tucson, AZ","at Milwaukee, WI","at Indianapolis, IN","at Pittsburgh, PA","at New Orleans, LA","at Nashville, TN","at Orlando, FL","at Atlanta, GA","at Charlotte, NC","at Orlando, FL","at Tallahassee, FL","at St. Petersburg, FL","at Orlando, FL","at Atlanta, GA","at Louisville, KY","at Richmond, VA","at Atlanta, GA","at Cincinnati, OH","at Birmingham, AL","at Baton Rouge, LA","at South Bend, IN"
7,7,7,7,7,7,7,7,7,7,7,7,7,7,7,7,7,7,7,7,7,7,7,7,7,7,7,7,7,7,7,7,7,7,7
Wofford,Texas A&M,Dayton,Oregon State,Iowa,UConn,Notre Dame,Florida,Texas A&M,Oklahoma State,Clemson,Miami (FL),UNLV,Marquette,Cincinnati,Memphis,Indiana,Oklahoma State,Penn State,Tulsa,Louisville,UMass,Marquette,Temple,Iowa State,Michigan State,Western Kentucky,St. John's (NY),Florida State,Virginia,UCLA,Maryland,New Orleans,Virginia Tech,Notre Dame
84,73,58,67,83,89,58,71,50,59,59,78,67,85,76,59,67,61,69,89,58,46,59,61,64,84,55,57,75,75,84,92,83,62,79
10,10,10,10,10,10,10,10,10,10,10,10,10,10,10,10,10,10,10,10,10,10,10,10,10,10,10,10,10,10,10,10,10,10,10
Seton Hall,Providence,Wichita State,VCU,Davidson,St. Joseph's,Iowa State,Virginia,Florida State,Georgia Tech,Michigan,Saint Mary's,Georgia Tech,Alabama,Iowa,South Carolina,Alabama,Kent State,Providence,UNLV,Creighton,Saint Louis,Providence,Oklahoma,Florida,Seton Hall,Memphis,Tulane,USC,Notre Dame,Iowa State,UCSB,BYU,Villanova,Oregon State
68,69,64,75,52,81,76,45,57,64,62,64,63,90,64,43,62,69,59,62,62,51,81,43,61,73,52,61,72,67,74,82,79,71,70
"at Jacksonville, FL","at Charlotte, NC","at Indianapolis, IN","at Oklahoma City, OK","at Seattle, WA","at Buffalo, NY","at Dayton, OH","at Omaha, NE","at Chicago, IL","at Milwaukee, WI","at Kansas City, MO","at North Little Rock, AR","at Chicago, IL","at San Diego, CA","at Indianapolis, IN","at Kansas City, MO","at Boston, MA","at Greenville, SC","at New Orleans, LA","at Nashville, TN","at Orlando, FL","at Atlanta, GA","at Charlotte, NC","at Orlando, FL","at Tallahassee, FL","at St. Petersburg, FL","at Orlando, FL","at Atlanta, GA","at Louisville, KY","at Richmond, VA","at Atlanta, GA","at Cincinnati, OH","at Birmingham, AL","at Baton Rouge, LA","at South Bend, IN"
2,2,2,2,2,2,2,2,2,2,2,2,2,2,2,2,2,2,2,2,2,2,2,2,2,2,2,2,2,2,2,2,2,2,2
Kentucky,UNC,Kentucky,Oklahoma,Gonzaga,Villanova,Ohio State,Missouri,Notre Dame,Ohio State,Oklahoma,Texas,Wisconsin,UCLA,Kentucky,Oklahoma State,Pitt,Alabama,UNC,Cincinnati,Maryland,Kentucky,Duke,Cincinnati,UNC,Duke,Seton Hall,Oklahoma State,Indiana,Syracuse,UNC,Kentucky,Alabama,Georgia Tech,UNC
79,84,79,82,86,73,95,84,69,68,82,74,76,78,72,75,87,86,70,64,82,82,71,66,80,82,81,100,79,70,93,99,88,68,76
15,15,15,15,15,15,15,15,15,15,15,15,15,15,15,15,15,15,15,15,15,15,15,15,15,15,15,15,15,15,15,15,15,15,15
Abilene Christian,Lipscomb,Northern Kentucky,Cal State Bakersfield,North Dakota State,Milwaukee,Iona,Norfolk State,Akron,UCSB,Morgan State,Austin Peay,Texas A&M-Corpus Christi,Belmont,Eastern Kentucky,Eastern Washington,Wagner,Florida Atlantic,Princeton,UNC Wilmington,Valparaiso,South Carolina State,Murray State,UNC Greensboro,Murray State,Texas Southern,Tennessee State,Georgia Southern,Coastal Carolina,Coppin State,Southern,Southern,North Carolina A&T,Marist,Middle Tennessee
44,66,70,68,76,53,70,86,56,51,54,54,63,44,64,56,61,78,48,47,60,67,68,61,70,70,59,73,69,48,79,84,71,53,57
1,1,1,1,1,1,1,1,1,1,1,1,1,1,1,1,1,1,1,1,1,1,1,1,1,1,1,1,1,1,1,1,1,1,1
Virginia,Virginia,Gonzaga,Virginia,Wisconsin,Arizona,Kansas,Syracuse,Duke,Syracuse,UConn,UCLA,Florida,UConn,Illinois,Stanford,Arizona,Cincinnati,Stanford,Arizona,UConn,Arizona,Kentucky,Purdue,UCLA,Missouri,Michigan,UCLA,UNLV,UNLV,Arizona,Arizona,UNLV,St. John's (NY),St. John's (NY)
71,54,66,81,86,68,64,72,87,79,103,70,112,72,67,71,80,90,89,71,91,99,92,73,92,76,84,73,99,102,94,90,95,83,83
16,16,16,16,16,16,16,16,16,16,16,16,16,16,16,16,16,16,16,16,16,16,16,16,16,16,16,16,16,16,16,16,16,16,16
Gardner-Webb,UMBC,South Dakota State,Hampton,Coastal Carolina,Weber State,Western Kentucky,UNC Asheville,Hampton,Vermont,Chattanooga,Mississippi Valley State,Jackson State,Albany (NY),Fairleigh Dickinson,UTSA,Vermont,Boston University,UNC Greensboro,Jackson State,UTSA,Nicholls State,Montana,Western Carolina,Florida International,Navy,Coastal Carolina,Robert Morris,Montana,Little Rock,Robert Morris,Cornell,Idaho State,Montana State,Southern
56,74,46,45,72,59,57,65,45,56,47,29,69,59,55,45,51,52,60,47,66,60,54,71,56,53,52,53,65,72,60,50,70,74,59
"at Columbia, SC","at Charlotte, NC","at Salt Lake City, UT","at Raleigh, NC","at Omaha, NE","at San Diego, CA","at Kansas City, MO","at Pittsburgh, PA","at Charlotte, NC","at Buffalo, NY","at Philadelphia, PA","at Anaheim, CA","at New Orleans, LA","at Philadelphia, PA","at Indianapolis, IN","at Seattle, WA","at Salt Lake City, UT","at Pittsburgh, PA","at San Diego, CA","at Tucson, AZ","at Denver, CO","at Sacramento, CA","at Salt Lake City, UT","at Albuquerque, NM","at Boise, ID","at Ogden, UT","at Tucson, AZ","at Tempe, AZ","at Tucson, AZ","at Salt Lake City, UT","at Boise, ID","at Los Angeles, CA","at Salt Lake City, UT","at Long Beach, CA","at Salt Lake City, UT"
8,8,8,8,8,8,8,8,8,8,8,8,8,8,8,8,8,8,8,8,8,8,8,8,8,8,8,8,8,8,8,8,8,8,8
Ole Miss,Creighton,Northwestern,Texas Tech,Oregon,Gonzaga,UNC,Kansas State,Michigan,Gonzaga,BYU,BYU,Arizona,Kentucky,Texas,Alabama,Cincinnati,UCLA,Georgia Tech,Wisconsin,Missouri,Tennessee,Iowa,Georgia,Missouri,Cincinnati,Iowa State,Louisville,Georgetown,Ohio State,Saint Mary's,Seton Hall,Georgia,Auburn,Iowa
72,59,68,61,79,85,78,70,75,67,66,62,63,69,57,65,69,80,62,66,59,81,73,81,65,72,70,81,70,84,70,80,79,73,54
9,9,9,9,9,9,9,9,9,9,9,9,9,9,9,9,9,9,9,9,9,9,9,9,9,9,9,9,9,9,9,9,9,9,9
Oklahoma,Kansas State,Vanderbilt,Butler,Oklahoma State,Oklahoma State,Villanova,Southern Miss,Tennessee,Florida State,Texas A&M,Texas A&M,Purdue,Alabama-Birmingham,Nevada,Southern Illinois,Gonzaga,Ole Miss,St. Joseph's,Fresno State,New Mexico,Illinois State,Virginia,Clemson,Indiana,Wisconsin,UCLA,Wake Forest,Vanderbilt,Providence,Clemson,UTEP,Kansas State,Arizona,Arkansas
95,69,66,71,73,77,71,64,45,60,79,67,72,64,61,64,74,58,66,56,61,82,60,74,60,80,81,58,60,83,83,64,82,63,63
"at Columbia, SC","at Charlotte, NC","at Salt Lake City, UT","at Raleigh, NC","at Omaha, NE","at San Diego, CA","at Kansas City, MO","at Pittsburgh, PA","at Charlotte, NC","at Buffalo, NY","at Philadelphia, PA","at Anaheim, CA","at New Orleans, LA","at Philadelphia, PA","at Indianapolis, IN","at Seattle, WA","at Salt Lake City, UT","at Pittsburgh, PA","at San Diego, CA","at Salt Lake City, UT","at Denver, CO","at Sacramento, CA","at Salt Lake City, UT","at Albuquerque, NM","at Boise, ID","at Ogden, UT","at Tucson, AZ","at Tempe, AZ","at Tucson, AZ","at Salt Lake City, UT","at Boise, ID","at Los Angeles, CA","at Salt Lake City, UT","at Long Beach, CA","at Salt Lake City, UT"
5,5,5,5,5,5,5,5,5,5,5,5,5,5,5,5,5,5,5,5,5,5,5,5,5,5,5,5,5,5,5,5,5,5,5
Wisconsin,Kentucky,Notre Dame,Purdue,Arkansas,Oklahoma,VCU,Vanderbilt,Arizona,Butler,Purdue,Drake,Butler,Washington,Alabama,Syracuse,Notre Dame,Miami (FL),Cincinnati,Texas,Iowa,Illinois,Boston College,Memphis,Mississippi State,California,New Mexico,DePaul,Michigan State,Oregon State,Memphis,Iowa,Virginia,Maryland,Washington
54,78,60,83,56,75,88,79,77,77,61,99,57,75,73,80,70,80,84,77,77,64,73,63,75,57,68,73,60,53,63,102,60,69,58
12,12,12,12,12,12,12,12,12,12,12,12,12,12,12,12,12,12,12,12,12,12,12,12,12,12,12,12,12,12,12,12,12,12,12
Oregon,Davidson,Princeton,Little Rock,Wofford,North Dakota State,Akron,Harvard,Memphis,UTEP,Northern Iowa,Western Kentucky,Old Dominion,Utah State,Milwaukee,BYU,Milwaukee,Missouri,BYU,Indiana State,Alabama-Birmingham,South Alabama,Valparaiso,Drexel,Santa Clara,Green Bay,George Washington,New Mexico State,Green Bay,Ball State,DePaul,Florida State,Wyoming,Pepperdine,Kentucky
72,73,58,85,53,80,42,70,75,59,56,101,46,61,83,75,69,93,59,61,64,51,66,75,67,61,82,81,58,54,66,98,64,64,66
"at San Jose, CA","at Boise, ID","at Buffalo, NY","at Denver, CO","at Jacksonville, FL","at Spokane, WA","at Auburn Hills, MI","at Albuquerque, NM","at Tulsa, OK","at San Jose, CA","at Portland, OR","at Tampa, FL","at Buffalo, NY","at San Diego, CA","at Cleveland, OH","at Denver, CO","at Indianapolis, IN","at Albuquerque, NM","at San Diego, CA","at Salt Lake City, UT","at Denver, CO","at Sacramento, CA","at Salt Lake City, UT","at Albuquerque, NM","at Boise, ID","at Ogden, UT","at Tucson, AZ","at Tempe, AZ","at Tucson, AZ","at Salt Lake City, UT","at Boise, ID","at Los Angeles, CA","at Salt Lake City, UT","at Long Beach, CA","at Salt Lake City, UT"
4,4,4,4,4,4,4,4,4,4,4,4,4,4,4,4,4,4,4,4,4,4,4,4,4,4,4,4,4,4,4,4,4,4,4
Kansas State,Arizona,West Virginia,Iowa State,UNC,San Diego State,Michigan,Wisconsin,Texas,Vanderbilt,Washington,UConn,Maryland,Illinois,Boston College,Maryland,Illinois,Ohio State,Indiana,LSU,Arkansas,Maryland,St. Joseph's,Syracuse,Utah,Syracuse,Georgia Tech,Oklahoma,Utah,Louisville,UNLV,UNLV,UCLA,UNLV,UNLV
64,68,86,94,67,73,71,73,85,65,71,69,82,78,85,86,65,69,73,64,94,82,75,88,76,92,78,83,82,78,68,54,92,74,85
13,13,13,13,13,13,13,13,13,13,13,13,13,13,13,13,13,13,13,13,13,13,13,13,13,13,13,13,13,13,13,13,13,13,13
UC-Irvine,Buffalo,Bucknell,Iona,Harvard,New Mexico State,South Dakota State,Montana,Oakland,Murray State,Mississippi State,San Diego,Davidson,Air Force,Penn,UTEP,Western Kentucky,Davidson,Kent State,Southeast Missouri State,Siena,Utah State,Pacific,Montana State,Long Beach State,Hawaii,Southern,Louisiana,South Alabama,Idaho,Idaho,Missouri State,Central Michigan,Louisiana-Monroe,San Diego State
70,89,80,81,65,69,56,49,81,66,58,70,70,69,65,83,60,64,77,61,80,68,65,55,64,78,93,87,72,59,56,50,73,51,80
"at San Jose, CA","at Boise, ID","at Buffalo, NY","at Denver, CO","at Jacksonville, FL","at Spokane, WA","at Auburn Hills, MI","at Albuquerque, NM","at Tulsa, OK","at San Jose, CA","at Portland, OR","at Tampa, FL","at Buffalo, NY","at San Diego, CA","at Cleveland, OH","at Denver, CO","at Indianapolis, IN","at Albuquerque, NM","at San Diego, CA","at Salt Lake City, UT","at Denver, CO","at Sacramento, CA","at Salt Lake City, UT","at Albuquerque, NM","at Boise, ID","at Ogden, UT","at Tucson, AZ","at Tempe, AZ","at Tucson, AZ","at Salt Lake City, UT","at Boise, ID","at Los Angeles, CA","at Salt Lake City, UT","at Long Beach, CA","at Salt Lake City, UT"
6,6,6,6,6,6,6,6,6,6,6,6,6,6,6,6,6,6,6,6,6,6,6,6,6,6,6,6,6,6,6,6,6,6,6
Villanova,Miami (FL),Maryland,Seton Hall,Xavier,Baylor,UCLA,Cincinnati,Cincinnati,Xavier,Marquette,Purdue,Notre Dame,Michigan State,LSU,Vanderbilt,Creighton,Gonzaga,Wisconsin,Purdue,Florida,Arkansas,Stanford,Iowa,Oregon,Minnesota,Illinois,Georgetown,New Mexico State,New Mexico State,Oregon State,Florida,Oklahoma,Alabama-Birmingham,Tulsa
61,62,65,52,76,74,63,65,78,65,58,90,64,65,68,71,73,66,49,62,75,74,80,81,73,74,75,75,56,92,90,62,74,66,75
11,11,11,11,11,11,11,11,11,11,11,11,11,11,11,11,11,11,11,11,11,11,11,11,11,11,11,11,11,11,11,11,11,11,11
Saint Mary's,Loyola (IL),Xavier,Gonzaga,Ole Miss,Nebraska,Minnesota,Texas,Missouri,Minnesota,Utah State,Baylor,Winthrop,George Mason,Alabama-Birmingham,Western Michigan,Central Michigan,Wyoming,Georgia State,Dayton,Penn,Nebraska,Oklahoma,George Washington,Texas,Southern Illinois,Long Beach State,South Florida,Creighton,Loyola Marymount,Evansville,St. John's (NY),Tulsa,Missouri,UTEP
57,64,76,68,57,60,83,59,63,54,57,79,74,75,82,58,79,73,50,61,61,65,67,79,90,60,72,60,64,111,94,59,69,64,79
"at Hartford, CT","at Dallas, TX","at Orlando, FL","at Denver, CO","at Jacksonville, FL","at San Antonio, TX","at Austin, TX","at Nashville, TN","at Washington, DC","at Milwaukee, WI","at Boise, ID","at Washington, DC","at Spokane, WA","at Dayton, OH","at Boise, ID","at Denver, CO","at Salt Lake City, UT","at Albuquerque, NM","at Boise, ID","at Tucson, AZ","at Seattle, WA","at Boise, ID","at Tucson, AZ","at Tempe, AZ","at Salt Lake City, UT","at Sacramento, CA","at Salt Lake City, UT","at Boise, ID","at Salt Lake City, UT","at Long Beach, CA","at Tucson, AZ","at Salt Lake City, UT","at Tucson, AZ","at Ogden, UT","at Albuquerque, NM"
3,3,3,3,3,3,3,3,3,3,3,3,3,3,3,3,3,3,3,3,3,3,3,3,3,3,3,3,3,3,3,3,3,3,3
Purdue,Tennessee,Florida State,Utah,Baylor,Creighton,Florida,Florida State,UConn,Pitt,Missouri,Xavier,Oregon,UNC,Arizona,NC State,Duke,Arizona,Maryland,Oklahoma,UNC,Utah,Wake Forest,Arizona,Maryland,Louisville,Vanderbilt,Florida State,Seton Hall,Michigan,Seton Hall,Michigan,Pitt,UNC,NC State
61,73,86,80,56,76,79,66,81,89,78,73,58,69,66,61,67,86,83,74,74,85,68,90,87,67,92,78,71,76,60,63,93,84,65
14,14,14,14,14,14,14,14,14,14,14,14,14,14,14,14,14,14,14,14,14,14,14,14,14,14,14,14,14,14,14,14,14,14,14
Old Dominion,Wright State,Florida Gulf Coast,Fresno State,Georgia State,Louisiana,Northwestern State,St. Bonaventure,Bucknell,Oakland,Cornell,Georgia,Miami (OH),Murray State,Utah State,Louisiana,Colorado State,UCSB,George Mason,Winthrop,Weber State,San Francisco,Saint Mary's,Valparaiso,Gonzaga,Boise State,Boise State,Montana,Pepperdine,Illinois State,Missouri State,Boise State,Marist,Utah,Nevada
48,47,80,69,57,66,47,63,52,66,59,61,56,65,53,52,57,81,80,50,76,68,46,51,63,58,72,68,51,70,51,58,68,72,56
"at Hartford, CT","at Dallas, TX","at Orlando, FL","at Denver, CO","at Jacksonville, FL","at San Antonio, TX","at Austin, TX","at Nashville, TN","at Washington, DC","at Milwaukee, WI","at Boise, ID","at Washington, DC","at Spokane, WA","at Dayton, OH","at Boise, ID","at Orlando, FL","at Salt Lake City, UT","at Albuquerque, NM","at Boise, ID","at Tucson, AZ","at Seattle, WA","at Boise, ID","at Tucson, AZ","at Tempe, AZ","at Salt Lake City, UT","at Sacramento, CA","at Salt Lake City, UT","at Boise, ID","at Salt Lake City, UT","at Long Beach, CA","at Tucson, AZ","at Salt Lake City, UT","at Tucson, AZ","at Ogden, UT","at Albuquerque, NM"
7,7,7,7,7,7,7,7,7,7,7,7,7,7,7,7,7,7,7,7,7,7,7,7,7,7,7,7,7,7,7,7,7,7,7
Cincinnati,Nevada,Saint Mary's,Dayton,VCU,Oregon,San Diego State,Gonzaga,Temple,BYU,California,West Virginia,UNLV,Wichita State,Southern Illinois,DePaul,Memphis,Xavier,Arkansas,Louisville,Minnesota,Temple,Charlotte,Maryland,Cincinnati,Virginia,Temple,LSU,Virginia,Alabama,UTEP,Wyoming,UTEP,Bradley,Alabama
72,87,85,51,72,87,70,77,66,99,71,75,67,86,65,76,71,70,61,66,63,52,79,79,77,57,75,94,48,71,85,115,98,83,50
10,10,10,10,10,10,10,10,10,10,10,10,10,10,10,10,10,10,10,10,10,10,10,10,10,10,10,10,10,10,10,10,10,10,10
Iowa,Texas,VCU,Syracuse,Ohio State,BYU,Oklahoma,West Virginia,Penn State,Florida,Maryland,Arizona,Georgia Tech,Seton Hall,Saint Mary's,Dayton,Arizona State,Hawaii,Georgetown,Gonzaga,Gonzaga,West Virginia,Georgetown,Santa Clara,Temple,New Mexico,Missouri,BYU,BYU,Colorado State,LSU,Loyola Marymount,Arizona,UTEP,Arizona
79,83,77,70,75,68,55,54,64,92,84,65,63,66,56,69,84,58,63,77,75,82,67,91,71,54,61,83,61,54,74,119,91,65,41
"at Columbus, OH","at Nashville, TN","at Salt Lake City, UT","at St. Louis, MO","at Portland, OR","at Milwaukee, WI","at Philadelphia, PA","at Pittsburgh, PA","at Tucson, AZ","at Oklahoma City, OK","at Kansas City, MO","at Washington, DC","at Chicago, IL","at Greensboro, NC","at Oklahoma City, OK","at Buffalo, NY","at Oklahoma City, OK","at Dallas, TX","at Boise, ID","at Tucson, AZ","at Seattle, WA","at Boise, ID","at Tucson, AZ","at Tempe, AZ","at Salt Lake City, UT","at Sacramento, CA","at Salt Lake City, UT","at Boise, ID","at Salt Lake City, UT","at Long Beach, CA","at Tucson, AZ","at Salt Lake City, UT","at Tucson, AZ","at Ogden, UT","at Albuquerque, NM"
2,2,2,2,2,2,2,2,2,2,2,2,2,2,2,2,2,2,2,2,2,2,2,2,2,2,2,2,2,2,2,2,2,2,2
Tennessee,Cincinnati,Arizona,Michigan State,Arizona,Wisconsin,Georgetown,Ohio State,San Diego State,Kansas State,Memphis,Duke,Wisconsin,Tennessee,Oklahoma State,UConn,Kansas,Oklahoma,Iowa State,St. John's (NY),Stanford,Cincinnati,Utah,Kansas,UConn,Arizona,Arizona,Indiana,Arizona,Arizona,Indiana,UNC,Iowa,Louisville,VCU
77,68,100,81,93,75,68,78,68,82,81,71,76,63,63,70,64,71,57,61,69,65,75,92,100,81,61,94,93,79,99,83,99,93,81
15,15,15,15,15,15,15,15,15,15,15,15,15,15,15,15,15,15,15,15,15,15,15,15,15,15,15,15,15,15,15,15,15,15,15
Colgate,Georgia State,North Dakota,Middle Tennessee,Texas Southern,American,Florida Gulf Coast,Loyola (MD),Northern Colorado,North Texas,Cal State Northridge,Belmont,Texas A&M-Corpus Christi,Winthrop,Southeastern Louisiana,Vermont,Utah State,UIC,Hampton,Northern Arizona,Alcorn State,Northern Arizona,Navy,South Carolina State,Chattanooga,Loyola (MD),Santa Clara,Eastern Illinois,Saint Francis (PA),South Florida,George Mason,North Texas,Santa Clara,Drexel,Marshall
70,53,82,90,72,35,78,59,50,62,70,70,63,61,50,53,61,63,58,56,57,62,61,54,71,55,64,55,80,67,85,65,76,73,65